{
  "cost_form": "linear",
  "cost_params": {
    "ts": 0.8595940930986483,
    "w": -89.57028577807407,
    "ts/w": -0.1573747105668155,
    "1/w": 1.636283316632344,
    "const": 91.04717498093679
  },
  "penalty_per_task": 99.99999500000003,
  "max_resid": 0.12043775715069671,
  "calibrated": true,
  "n_points": 120,
  "ts": 1780151023.5920708
}